movie_name,movie_link
b'Secret in Their Eyes',b'https://yo-movies.com/secret-in-their-eyes-2015-hindi-full-movie-watch-online-download/'
b'Pacific Rim: Uprising',b'https://yo-movies.com/pacific-rim-uprising-2018-watch-online-download/'
b'Journey to the West: Conquering the Demons',b'https://yo-movies.com/journey-to-the-west-conquering-the-demons-hindi-watch-online/'
b'Ninja: Shadow of a Tear',b'https://yo-movies.com/ninja-shadow-of-a-tear-2013-hindi-full-movie-watch-online-download/'
b'Sniper: Reloaded',b'https://yo-movies.com/sniper-reloaded-2011-hindi-full-movie-watch-online-download/'
b'A Billion Colour Story',b'https://yo-movies.com/a-billion-colour-story-2016-full-movie-watch-online-download/'
b'Black Panther',b'https://yo-movies.com/black-panther-2018-watch-online-download/'
b'Baaghi 2',b'https://yo-movies.com/baaghi-2-2018-full-movie-watch-online-download-free/'
b'Nayaki',b'https://yo-movies.com/nayaki-2016-hindi-full-movie-watch-online-download/'
b'Dongri Ka Raja',b'https://yo-movies.com/dongri-ka-raja-2016-full-movie-watch-online-download/'
b'Green Street Hooligans: Underground',b'https://yo-movies.com/green-street-hooligans-underground-2013-hindi-watch-online/'
b'The Sword Identity',b'https://yo-movies.com/the-sword-identity-2011-hindi-full-movie-watch-online-download/'
b'Out of the Furnace',b'https://yo-movies.com/out-of-the-furnace-2013-hindi-watch-online-download/'
b'Learning to Drive',b'https://yo-movies.com/learning-to-drive-2014-hindi-full-movie-watch-online/'
b'Broken City',b'https://yo-movies.com/broken-city-2013-hindi-full-movie-watch-online-download/'
b'Sweetiee Weds NRI',b'https://yo-movies.com/sweetiee-weds-nri-2017-full-movie-watch-online-download/'
b'Tiger Zinda Hai',b'https://yo-movies.com/tiger-zinda-hai-2017-full-watch-online-download/'
b'Missing',b'https://yo-movies.com/missing-2018-full-movie-watch-online-download/'
b'Rampage',b'https://yo-movies.com/rampage-2018-hindi-full-movie-watch-online-download/'
b'Achcham Yenbadhu Madamaiyada',b'https://yo-movies.com/achcham-yenbadhu-madamaiyada-2016-hindi-watch-online/'
b'Killing Season',b'https://yo-movies.com/killing-season-2013-hindi-full-movie-watch-online-download/'
b'Kill \xe2\x80\x99em All',b'https://yo-movies.com/kill-em-all-2012-hindi-full-movie-watch-online-download/'
b'Bajirao Mastani',b'https://yo-movies.com/bajirao-mastani-2015-watch-online-download/'
b'Badman',b'https://yo-movies.com/badman-2016-full-movie-watch-online-download/'
b'Stupid Cupid',b'https://yo-movies.com/stupid-cupid-2015-full-movie-watch-online-download/'
b'Rang Rasiya',b'https://yo-movies.com/rang-rasiya-2008-full-movie-watch-online-download/'
b'San Andreas',b'https://yo-movies.com/san-andreas-2015-hindi-watch-online/'
b'Escape from Planet Earth',b'https://yo-movies.com/escape-from-planet-earth-2013-hindi-full-movie-watch-online/'
b'Killing Them Softly',b'https://yo-movies.com/killing-them-softly-2012-hindi-full-movie-watch-online-download/'
b'Tezz',b'https://yo-movies.com/tezz-2012-full-movie-watch-online-download/'
b'The Hitman\xe2\x80\x99s Bodyguard',b'https://yo-movies.com/the-hitmans-bodyguard-2017-watch-online/'
b'The Black Prince',b'https://yo-movies.com/the-black-prince-2017-hindi-full-movie-watch-online-download/'
b'Maze Runner: The Death Cure',b'https://yo-movies.com/maze-runner-the-death-cure-2018-watch-online-download/'
b'The Girl in Me',b'https://yo-movies.com/the-girl-in-me-2014-full-movie-watch-online-download/'
b'Kick-Ass',b'https://yo-movies.com/kick-ass-2010-watch-online/'
b'Hansel & Gretel: Witch Hunters',b'https://yo-movies.com/hansel-gretel-witch-hunters-2013-hindi-watch-online/'
b'Den of Thieves',b'https://yo-movies.com/den-of-thieves-2018-full-movie-watch-online-download/'
b'Raaz 3: The Third Dimension',b'https://yo-movies.com/raaz-3-the-third-dimension-2012-full-movie-watch-online-download/'
b'Pankh',b'https://yo-movies.com/pankh-2010-full-movie-watch-online-download/'
b'Pixels',b'https://yo-movies.com/pixels-2015-hindi-full-movie-watch-online-download/'
